-- phpMyAdmin SQL Dump
-- version 4.0.10.10
-- http://www.phpmyadmin.net
--
-- Хост: 127.0.0.1:3306
-- Время создания: Дек 01 2015 г., 11:57
-- Версия сервера: 5.5.45
-- Версия PHP: 5.3.29

SET SQL_MODE = "NO_AUTO_VALUE_ON_ZERO";
SET time_zone = "+00:00";


/*!40101 SET @OLD_CHARACTER_SET_CLIENT=@@CHARACTER_SET_CLIENT */;
/*!40101 SET @OLD_CHARACTER_SET_RESULTS=@@CHARACTER_SET_RESULTS */;
/*!40101 SET @OLD_COLLATION_CONNECTION=@@COLLATION_CONNECTION */;
/*!40101 SET NAMES utf8 */;

--
-- База данных: `regportal_cms`
--

-- --------------------------------------------------------

--
-- Структура таблицы `alias`
--

CREATE TABLE IF NOT EXISTS `alias` (
  `id` int(10) unsigned NOT NULL AUTO_INCREMENT,
  `name` varchar(250) NOT NULL,
  `domain_id` int(10) unsigned NOT NULL,
  PRIMARY KEY (`id`),
  KEY `name` (`name`),
  KEY `DOMAINID` (`domain_id`)
) ENGINE=InnoDB  DEFAULT CHARSET=latin1 AUTO_INCREMENT=2 ;

--
-- Дамп данных таблицы `alias`
--

INSERT INTO `alias` (`id`, `name`, `domain_id`) VALUES
(1, '194.85.124.68', 1);

-- --------------------------------------------------------

--
-- Структура таблицы `contact`
--

CREATE TABLE IF NOT EXISTS `contact` (
  `id` int(11) NOT NULL AUTO_INCREMENT,
  `address_organization` text NOT NULL,
  `city_code` text NOT NULL,
  `telephone_organization` text NOT NULL,
  `e_mail_organization` text NOT NULL,
  `schedule_organization` text NOT NULL,
  `full_name_president` text NOT NULL,
  `telephone_president` text NOT NULL,
  `e_mail_president` text NOT NULL,
  PRIMARY KEY (`id`)
) ENGINE=InnoDB  DEFAULT CHARSET=utf8 AUTO_INCREMENT=2 ;

--
-- Дамп данных таблицы `contact`
--

INSERT INTO `contact` (`id`, `address_organization`, `city_code`, `telephone_organization`, `e_mail_organization`, `schedule_organization`, `full_name_president`, `telephone_president`, `e_mail_president`) VALUES
(1, 'г. Пенза, ул. Центральная 1В', '8(8412)', '66 66 66', 'romashka@yandex.ru', 'пн-чт: с 9.00 до 18.00<br>\r\nпт: с 9.00 до 17.00<br>\r\nперерыв: с 13.00 до 14.00', 'Иванов Иван Иванович', '55 44 33', 'romashka@yandex.ru');

-- --------------------------------------------------------

--
-- Структура таблицы `documentation`
--

CREATE TABLE IF NOT EXISTS `documentation` (
  `id` int(11) NOT NULL AUTO_INCREMENT,
  `title` text NOT NULL,
  `date` datetime NOT NULL,
  `document_type` int(11) NOT NULL,
  PRIMARY KEY (`id`)
) ENGINE=InnoDB  DEFAULT CHARSET=utf8 AUTO_INCREMENT=17 ;

--
-- Дамп данных таблицы `documentation`
--

INSERT INTO `documentation` (`id`, `title`, `date`, `document_type`) VALUES
(1, 'Федеральный закон от 21.07.2014 N 263-ФЗ "О внесении изменений в отдельные законодательные акты Российской Федерации в связи с принятием Федерального закона "О государственной информационной системе жилищно-коммунального хозяйства"', '2015-11-05 00:00:00', 1),
(2, 'Федеральный закон от 21.07.2014 N 263-ФЗ "О внесении изменений в отдельные законодательные акты Российской Федерации в связи с принятием Федерального закона "О государственной информационной системе жилищно-коммунального хозяйства"', '2015-11-05 00:00:00', 1),
(3, 'Федеральный закон от 21.07.2014 N 263-ФЗ "О внесении изменений в отдельные законодательные акты Российской Федерации в связи с принятием Федерального закона "О государственной информационной системе жилищно-коммунального хозяйства"', '2015-11-05 00:00:00', 1),
(4, 'Федеральный закон от 21.07.2014 N 263-ФЗ "О внесении изменений в отдельные законодательные акты Российской Федерации в связи с принятием Федерального закона "О государственной информационной системе жилищно-коммунального хозяйства"', '2015-11-05 00:00:00', 1),
(5, 'Закон Пензенской области от 5 октября 2012 г. N 2294-ЗПО "О порядке взаимодействия органа, осуществляющего региональный государственный жилищный надзор на территории Пензенской области, с органами муниципального жилищного контроля"', '2015-11-07 00:00:00', 2),
(6, 'Приказ Управления государственной инспекции в жилищной, строительной сферах и по надзору за техническим состоянием самоходных машин и других видов техники Пензенской области от 18 апреля 2013 г. N 12-11', '2015-11-07 00:00:00', 2),
(7, 'Сведения об источниках получения средств, представленные муниципальными служащими Управления жилищно-коммунального хозяйства города Пензы, за счет которых в период с 1 января по 31 декабря 2013 г. совершена сделка на сумму, превышающую общий доход муниципального служащего, его супруги (супруга) за три последних года, предшествующих совершению сделки', '2015-11-06 00:00:00', 2),
(8, 'Постановление администрации г. Пензы от 10 октября 2014 г. N 1179/1', '2015-11-06 00:00:00', 3),
(9, 'Постановление администрации г. Пензы от 14 октября 2014 г. N 1195', '2015-11-05 00:00:00', 3),
(10, 'Решение Пензенской городской Думы от 26 июня 2009 г. N 66-7', '2015-11-05 00:00:00', 3),
(11, 'РЕГЛАМЕНТ ИНФОРМАЦИОННОГО ВЗАИМОДЕЙСТВИЯ лиц, осуществляющих поставки ресурсов, необходимых для предоставления коммунальных услуг, и (или) оказывающих коммунальные услуги в многоквартирных и жилых домах либо услуги (работы) по содержанию и ремонту общего имущества собственников помещений в многоквартирных домах, при предоставлении информации с использованием типового программного обеспечения.', '2015-11-14 00:00:00', 3),
(12, 'Порядок проведения внеплановых проверок деятельности управляющих организаций, осуществляющих управление многоквартирными домами на территории города Пензы', '2015-11-06 00:00:00', 4),
(13, 'Приказ о создании Комиссии по оценке готовности теплоснабжающих организаций, теплосетевых организаций и потребителей тепловой энергии к отопительному периоду', '2015-11-27 00:00:00', 4),
(14, 'Информация о проверках за 2012,2013 год Управлением', '2015-11-07 00:00:00', 4),
(15, 'Административный регламент', '2015-11-07 00:00:00', 4),
(16, 'Образец заявления', '2015-11-06 00:00:00', 4);

-- --------------------------------------------------------

--
-- Структура таблицы `domens`
--

CREATE TABLE IF NOT EXISTS `domens` (
  `id` int(10) unsigned NOT NULL AUTO_INCREMENT,
  `link` varchar(255) NOT NULL DEFAULT '',
  `name` varchar(255) NOT NULL,
  `main` tinyint(4) NOT NULL DEFAULT '0',
  `lng` varchar(10) NOT NULL,
  PRIMARY KEY (`id`),
  KEY `link` (`link`)
) ENGINE=InnoDB  DEFAULT CHARSET=utf8 AUTO_INCREMENT=3 ;

--
-- Дамп данных таблицы `domens`
--

INSERT INTO `domens` (`id`, `link`, `name`, `main`, `lng`) VALUES
(1, 'localhost', '', 0, 'ru'),
(2, 'dev-1.oep-penza_lastnew', 'dev-1.oep-penza_lastnew', 1, 'ru');

-- --------------------------------------------------------

--
-- Структура таблицы `emergency_services`
--

CREATE TABLE IF NOT EXISTS `emergency_services` (
  `id` int(11) NOT NULL AUTO_INCREMENT,
  `title` text NOT NULL,
  `citi_code` text NOT NULL,
  `telephone` text NOT NULL,
  PRIMARY KEY (`id`)
) ENGINE=InnoDB  DEFAULT CHARSET=utf8 AUTO_INCREMENT=8 ;

--
-- Дамп данных таблицы `emergency_services`
--

INSERT INTO `emergency_services` (`id`, `title`, `citi_code`, `telephone`) VALUES
(1, 'ООО "Горводоканал"', '8 (8412)', '99 99 99'),
(2, 'Аварийная газовая служба', '8 (8412)', '55 55 55'),
(3, 'Оперативно-диспетчерская служба', '8 (8412)', '66 66 66'),
(4, 'Городская аварийно-ремонтная служба\nжилищного хозяйста, МУП', '8 (8412)', '88 88 88'),
(5, 'СМУП Пензалифт', '8 (8412)', '55-44-33'),
(6, 'Аварийно замочная служба', '8 (8412)', '55-44-33'),
(7, 'Служба аварийных комиссаров', '8 (8412)', '55-44-33');

-- --------------------------------------------------------

--
-- Структура таблицы `locationtype`
--

CREATE TABLE IF NOT EXISTS `locationtype` (
  `id` int(10) unsigned NOT NULL AUTO_INCREMENT,
  `name` varchar(45) NOT NULL DEFAULT '',
  PRIMARY KEY (`id`),
  KEY `Name` (`name`)
) ENGINE=InnoDB  DEFAULT CHARSET=utf8 AUTO_INCREMENT=3 ;

--
-- Дамп данных таблицы `locationtype`
--

INSERT INTO `locationtype` (`id`, `name`) VALUES
(1, 'area'),
(2, 'content');

-- --------------------------------------------------------

--
-- Структура таблицы `menu`
--

CREATE TABLE IF NOT EXISTS `menu` (
  `id` int(10) unsigned NOT NULL AUTO_INCREMENT,
  `name` varchar(128) NOT NULL,
  `descr` varchar(256) DEFAULT NULL,
  `id_parent` int(10) unsigned DEFAULT '0',
  `style` int(5) DEFAULT '0',
  `weight` int(11) NOT NULL DEFAULT '0' COMMENT 'РџРѕСЂСЏРґРѕРє РІС‹РІРѕРґР° РЅР° СЌРєСЂР°РЅ',
  `url` varchar(256) DEFAULT NULL,
  `id_location` int(10) unsigned NOT NULL DEFAULT '0',
  PRIMARY KEY (`id`),
  KEY `id_parent` (`id_parent`),
  KEY `LOCATION` (`id_location`)
) ENGINE=InnoDB  DEFAULT CHARSET=utf8 AUTO_INCREMENT=94 ;

--
-- Дамп данных таблицы `menu`
--

INSERT INTO `menu` (`id`, `name`, `descr`, `id_parent`, `style`, `weight`, `url`, `id_location`) VALUES
(75, 'Список членов Ассоциации', NULL, 0, 0, 0, '/registry', 196),
(76, 'Документы', NULL, 0, 0, 0, '/documentation', 196),
(78, 'Партнеры и проекты', NULL, 0, 0, 0, '/partners', 196),
(80, 'Вопрос-ответ', NULL, 0, 0, 0, '/questions', 196),
(82, 'Новости', NULL, 0, 0, 0, '/news', 196),
(84, 'Контакты', NULL, 0, 0, 0, '/contact', 196),
(88, 'Список членов Ассоциации', NULL, 0, 0, 0, '/registry', 205),
(89, 'Документы', NULL, 0, 0, 0, '/documentation', 205),
(90, 'Партнеры и проекты', NULL, 0, 0, 0, '/partners', 205),
(91, 'Вопрос-ответ', NULL, 0, 0, 0, '/questions', 205),
(92, 'Новости', NULL, 0, 0, 0, '/news', 205),
(93, 'Контакты', NULL, 0, 0, 0, '/contact', 205);

-- --------------------------------------------------------

--
-- Структура таблицы `modules`
--

CREATE TABLE IF NOT EXISTS `modules` (
  `id` int(10) unsigned NOT NULL AUTO_INCREMENT,
  `name` varchar(255) NOT NULL,
  `description` varchar(255) DEFAULT ' ',
  PRIMARY KEY (`id`)
) ENGINE=InnoDB  DEFAULT CHARSET=utf8 COMMENT='Перечень модулей системы' AUTO_INCREMENT=24 ;

--
-- Дамп данных таблицы `modules`
--

INSERT INTO `modules` (`id`, `name`, `description`) VALUES
(1, 'title', 'ОАО «Оператор электронного правительства»'),
(3, 'leftMenu', 'Menu'),
(4, 'search', 'test'),
(5, 'news', 'news'),
(6, 'map', 'Карта '),
(7, 'pages', 'дефолтный модуль'),
(8, 'about', 'Out about page'),
(9, 'auth', 'close auth'),
(10, 'organisations', ' Организации'),
(11, 'services', 'Услуги'),
(12, 'topMenu', 'topMenu'),
(13, 'forms', ' Формы'),
(14, 'account', 'Личный кабинет'),
(15, 'banners', ' Баннеры'),
(16, 'mostRecentlyUsed', ' часто используемые сервисы'),
(17, 'statistics', ' Модуль статистики'),
(18, 'slideshow', ' Слайдшоу'),
(19, 'registry', 'Реестр членов ассоциации'),
(20, 'documentation', ' Документы'),
(21, 'partners', 'Партнеры и проекты'),
(22, 'questions', ' Вопрос-ответ'),
(23, 'contact', 'Контакты');

-- --------------------------------------------------------

--
-- Структура таблицы `module_location`
--

CREATE TABLE IF NOT EXISTS `module_location` (
  `id` int(10) unsigned NOT NULL AUTO_INCREMENT,
  `id_module` int(10) unsigned NOT NULL DEFAULT '0',
  `locationNum` int(10) unsigned DEFAULT NULL,
  `id_template` int(10) unsigned NOT NULL DEFAULT '0',
  `id_locationType` int(10) unsigned NOT NULL DEFAULT '0',
  PRIMARY KEY (`id`),
  KEY `id_module` (`id_module`,`locationNum`) USING BTREE,
  KEY `temp_mod` (`id_template`,`id_module`) USING BTREE,
  KEY `id_template` (`id_template`),
  KEY `id_locationType` (`id_locationType`)
) ENGINE=InnoDB  DEFAULT CHARSET=utf8 COMMENT='Разположение модулей' AUTO_INCREMENT=224 ;

--
-- Дамп данных таблицы `module_location`
--

INSERT INTO `module_location` (`id`, `id_module`, `locationNum`, `id_template`, `id_locationType`) VALUES
(158, 3, 53, 1, 1),
(159, 1, 1, 1, 1),
(160, 4, 51, 1, 1),
(161, 4, NULL, 1, 2),
(162, 5, 0, 1, 2),
(175, 6, NULL, 4, 2),
(176, 7, 37, 1, 2),
(177, 8, NULL, 1, 2),
(178, 9, 17, 2, 1),
(179, 5, 51, 2, 2),
(180, 3, 53, 2, 1),
(181, 4, 51, 2, 2),
(182, 10, NULL, 1, 2),
(183, 11, 53, 4, 2),
(185, 3, NULL, 2, 2),
(186, 9, 17, 1, 1),
(187, 12, 14, 1, 1),
(188, 12, 14, 2, 1),
(189, 13, NULL, 1, 2),
(190, 14, 55, 1, 1),
(191, 14, NULL, 1, 2),
(192, 13, NULL, 2, 2),
(193, 17, 666, 1, 1),
(194, 17, 666, 3, 1),
(195, 18, 667, 3, 1),
(196, 12, 14, 3, 1),
(197, 9, 17, 3, 1),
(199, 4, NULL, 3, 2),
(200, 4, 51, 3, 1),
(201, 10, NULL, 3, 2),
(202, 4, 51, 4, 1),
(203, 4, NULL, 4, 2),
(204, 9, 17, 4, 1),
(205, 12, 14, 4, 1),
(206, 18, 667, 4, 1),
(207, 17, 666, 4, 1),
(208, 10, NULL, 4, 2),
(209, 16, 16, 3, 1),
(210, 7, 37, 3, 2),
(211, 5, 0, 3, 2),
(212, 5, 0, 4, 2),
(213, 11, 53, 4, 2),
(214, 13, NULL, 4, 2),
(215, 15, NULL, 4, 2),
(216, 8, NULL, 4, 2),
(219, 19, 0, 4, 2),
(220, 20, 0, 4, 2),
(221, 21, NULL, 4, 2),
(222, 22, NULL, 4, 2),
(223, 23, NULL, 4, 2);

-- --------------------------------------------------------

--
-- Структура таблицы `news`
--

CREATE TABLE IF NOT EXISTS `news` (
  `id` int(11) unsigned NOT NULL AUTO_INCREMENT,
  `title` varchar(512) DEFAULT NULL,
  `preview` text NOT NULL,
  `date` datetime DEFAULT NULL,
  `annotation` varchar(2048) DEFAULT NULL,
  `image` varchar(255) NOT NULL,
  `text` longtext,
  `id_template` int(10) unsigned NOT NULL DEFAULT '0',
  `is_published` tinyint(1) NOT NULL DEFAULT '0',
  PRIMARY KEY (`id`),
  KEY `FK_TEMPLATE` (`id_template`),
  FULLTEXT KEY `text` (`title`,`annotation`)
) ENGINE=MyISAM  DEFAULT CHARSET=utf8 COMMENT='Новости' AUTO_INCREMENT=5032 ;

--
-- Дамп данных таблицы `news`
--

INSERT INTO `news` (`id`, `title`, `preview`, `date`, `annotation`, `image`, `text`, `id_template`, `is_published`) VALUES
(5028, 'Заседание Совета директоров компании «Оператор электронного правительства» ', 'Накануне режиссер Эльдар Рязанов был госпитализирован в одну из центральных московских клиник для обследования, сообщается о его тяжелом состоянии. Ранее Рязанов уже проходил плановое лечение в сентябре и октябре.', '2015-11-22 05:05:00', '7 ноября состоялось заседание Совета директоров ОАО «Оператор электронного правительства», на котором Председатель Правительства Пензенской области Андреев Андрей Викторович был единогласно избран Председателем Совета директоров компании.', 'openNews_1,openNews_2', 'Сегодня в Пензенском ЦНТИ открылась ежегодная выставка «Электронная Пенза», в которой принимает участие компания ОАО «Оператор электронного правительства». В мероприятии принимают участие организации, представляющие информационные технологии, программные продукты, системы и средства телекоммуникаций, оборудование и услуги связи. Сотрудники ОАО «ОЭП» подготовили презентационный и раздаточный материал, который позволит любому желающему подробнее узнать о текущих проектах и услугах, а также о планах развития компании.\nПрисутствовавший на выставке заместитель начальника управления информатизации Пензенской области Руслан Чикин пожелал всем участникам дальнейшей плодотворной работы, а также выразил уверенность, что подобные мероприятия будут полезны и компаниям и посетителям, пришедшим ознакомиться с новыми тенденциями.\nНапомним, что межрегиональная выставка «Электронная Пенза» в этом году проводится 10-11 ноября в ЦНТИ по адресу ул. Ульяновская, 1. Наши сотрудники, которые находятся рядом с выставочным стендом, готовы ответить на любые Ваши вопросы относительно деятельности компании.', 1, 0),
(5029, 'Компания ОАО «Оператор электронного правительства» принимает участие в выставке «Электронная Пенза»', 'Накануне режиссер Эльдар Рязанов был госпитализирован в одну из центральных московских клиник для обследования, сообщается о его тяжелом состоянии. Ранее Рязанов уже проходил плановое лечение в сентябре и октябре.', '2015-11-20 05:05:00', 'Сегодня в Пензенском ЦНТИ открылась ежегодная выставка «Электронная Пенза», в которой принимает участие компания ОАО «Оператор электронного...', 'openNews_2,openNews_1', 'Сегодня в Пензенском ЦНТИ открылась ежегодная выставка «Электронная Пенза», в которой принимает участие компания ОАО «Оператор электронного правительства». В мероприятии принимают участие организации, представляющие информационные технологии, программные продукты, системы и средства телекоммуникаций, оборудование и услуги связи. Сотрудники ОАО «ОЭП» подготовили презентационный и раздаточный материал, который позволит любому желающему подробнее узнать о текущих проектах и услугах, а также о планах развития компании.\nПрисутствовавший на выставке заместитель начальника управления информатизации Пензенской области Руслан Чикин пожелал всем участникам дальнейшей плодотворной работы, а также выразил уверенность, что подобные мероприятия будут полезны и компаниям и посетителям, пришедшим ознакомиться с новыми тенденциями.\nНапомним, что межрегиональная выставка «Электронная Пенза» в этом году проводится 10-11 ноября в ЦНТИ по адресу ул. Ульяновская, 1. Наши сотрудники, которые находятся рядом с выставочным стендом, готовы ответить на любые Ваши вопросы относительно деятельности компании.', 1, 0),
(5030, '«Ростелеком» проводит открытый конкурс среди Интернет-пользователей на лучший персонаж-талисман компании', 'Накануне режиссер Эльдар Рязанов был госпитализирован в одну из центральных московских клиник для обследования, сообщается о его тяжелом состоянии. Ранее Рязанов уже проходил плановое лечение в сентябре и октябре.', '2015-11-23 05:05:00', 'Пензенцы могут принять участие в открытом конкурсе на создание маскота (персонажа-талисмана) для компании «Ростелеком». Компания проводит конкурс с 1 по 18 ноября 2011 года. Заявлено, что выбранный в ходе конкурса графический талисман будет впоследствии использоваться "Ростелекомом" в интернет-коммуникациях и социальных проектах.', 'openNews_1,openNews_2', 'Сегодня в Пензенском ЦНТИ открылась ежегодная выставка «Электронная Пенза», в которой принимает участие компания ОАО «Оператор электронного правительства». В мероприятии принимают участие организации, представляющие информационные технологии, программные продукты, системы и средства телекоммуникаций, оборудование и услуги связи. Сотрудники ОАО «ОЭП» подготовили презентационный и раздаточный материал, который позволит любому желающему подробнее узнать о текущих проектах и услугах, а также о планах развития компании.\nПрисутствовавший на выставке заместитель начальника управления информатизации Пензенской области Руслан Чикин пожелал всем участникам дальнейшей плодотворной работы, а также выразил уверенность, что подобные мероприятия будут полезны и компаниям и посетителям, пришедшим ознакомиться с новыми тенденциями.\nНапомним, что межрегиональная выставка «Электронная Пенза» в этом году проводится 10-11 ноября в ЦНТИ по адресу ул. Ульяновская, 1. Наши сотрудники, которые находятся рядом с выставочным стендом, готовы ответить на любые Ваши вопросы относительно деятельности компании.', 1, 0);

-- --------------------------------------------------------

--
-- Структура таблицы `pages`
--

CREATE TABLE IF NOT EXISTS `pages` (
  `id` int(11) unsigned NOT NULL AUTO_INCREMENT,
  `name` varchar(256) NOT NULL,
  `annotation` text NOT NULL,
  `description` varchar(512) DEFAULT NULL,
  `keywords` varchar(512) NOT NULL DEFAULT '',
  `content` mediumtext,
  `date_create` int(16) unsigned NOT NULL,
  `date_update` int(16) unsigned NOT NULL DEFAULT '0',
  `weight` int(10) NOT NULL DEFAULT '0',
  `id_menu` int(10) unsigned NOT NULL DEFAULT '0',
  PRIMARY KEY (`id`),
  KEY `MENU` (`id_menu`),
  KEY `KEYWORDS` (`keywords`(333))
) ENGINE=MyISAM  DEFAULT CHARSET=utf8 COMMENT='Страницы' AUTO_INCREMENT=64 ;

--
-- Дамп данных таблицы `pages`
--

INSERT INTO `pages` (`id`, `name`, `annotation`, `description`, `keywords`, `content`, `date_create`, `date_update`, `weight`, `id_menu`) VALUES
(62, 'map', 'Карта', NULL, '', '<h2>Карта</h2><div id=''map'' style=''width: 100%; height: 600px''></div>', 0, 0, 0, 0),
(29, 'Page is no found', 'Данная страница не найдена или была удалена', NULL, 'о портале', 'Данная страница не найдена или была удалена', 0, 0, 0, 32),
(61, 'services', 'Наши услуги', NULL, '', '<h2>Наши услуги</h2>\n	  <div class="services">\n	     <p>«Ассоциация ТСЖ и потребительских кооперативов Пензенской области» предоставляет следующий ряд услуг</p>\n		 <h3>Юридические услуги:</h3>\n		 <ul class="servicesList">\n		   <li>Помощь в подготовке документов по вопросам хозяйственной деятельности ТСЖ;</li>\n		   <li>Представление интересов ТСЖ в суде;</li>\n		   <li>Предоставление членам нормативно-правовой документации.</li>\n		 </ul> \n		 \n		 <h3>Предоставление интересов членов ассоциации перед поставщиками коммунальных услуг:</h3>\n		 <ul class="servicesList">\n		   <li>Решение хозяйственных споров;</li>\n		   <li>Экспертиза качества предоставляемых услуг;</li>\n		   <li>Анализ и практическое применение существующих тарифов и выработка предложений по их оптимизации, а также практическому применению.</li>\n		 </ul>\n		 \n		 <h3>Организация капитального ремонта для членов ассоциации:</h3>\n		 <ul class="servicesList">\n		   <li>Создание страхового фонда; </li>\n		   <li>Организация конкурсов на проведения капитального Ремонта; </li>\n		   <li>Приемка работ по капитальному ремонту по решению собственников помещений в МКД;</li>\n		   <li>Выработка рекомендаций по организации капремонта и приемке работ и услуг.</li>\n		 </ul>\n		 \n		 <p>Представление интересов членов ассоциации в органах муниципального и государственного управления</p>\n	  </div>', 0, 0, 0, 0),
(11, 'about', '<p>Контактная информация ОАО &quot;ОЭП&quot;</p>', '', 'здесь будет помощь', '<div >\n    	    	    <h2>Телефоны и адреса</h2>\n	    	        <div style="margin-bottom: 10px;">г. Пенза, ул. Дружбы, 6 (Технопарк)<br />  8 (8412) 23-10-34 </div>\n            		<div style="margin-bottom: 10px;"><a href="/">www.oep-penza.ru</a></div>\n            		<div><a href="mailto: inbox@oep-penza.ru">inbox@oep-penza.ru</a></div>\n            	</div>\n            	<div>	            \n	            	<h2><br /><br />Реквизиты</h2>\n    		        <div style="margin-bottom: 10px;">&laquo;Оператор электронного правительства&raquo;             (ОАО &laquo;ОЭП&raquo;)</div>\n		            <div style="margin-bottom: 10px;">ОГРН 1115836002193</div>\n        	    	<div style="margin-bottom: 10px;">ИНН 5836646090</div>\n       	    		<div style="margin-bottom: 10px;">КПП 583601001</div>\n            		<div style="margin-bottom: 10px;"><b><br /> </b></div>\n            	</div>', 0, 1324993113, 0, 30),
(63, 'partneryAndProject', 'Партнеры', 'NULL', '', '<h2>Наши партнёры и проекты</h2>\n	  <div class="partners_project">\n	    <h3>Партнеры</h3>\n	    <p><a href="">Страховая компания "РОСНО"</a></p>\n		<p><a href="">Страховая компания "РОСНО"</a></p>\n		<p><a href="">Страховая компания "РОСНО"</a></p>\n		<p><a href="">Страховая компания "РОСНО"</a></p>\n		<p><a href="">Страховая компания "РОСНО"</a></p>\n		<p><a href="">Страховая компания "РОСНО"</a></p>\n		<p><a href="">Страховая компания "РОСНО"</a></p>\n	  \n	  <h3>Совместные проекты</h3>\n	    <p><a href="">Портал пенза</a></p>\n		<div class="project">\n		   <p>\n		   Проект был реализован в рамках...\n		   </p>\n		</div>\n		<p><a href="">Портал пенза</a></p>\n		<div class="project">\n		   <p>\n		   Проект был реализован в рамках...\n		   </p>\n		</div>\n		<p><a href="">Портал пенза</a></p>\n		<div class="project">\n		   <p>\n		   Проект был реализован в рамках...\n		   </p>\n		</div>\n		<p><a href="">Портал пенза</a></p>\n		<div class="project">\n		   <p>\n		   Проект был реализован в рамках...\n		   </p>\n		</div>\n		<p><a href="">Портал пенза</a></p>\n		<div class="project">\n		   <p>\n		   Проект был реализован в рамках...\n		   </p>\n		</div>\n		<p><a href="">Портал пенза</a></p>\n		<div class="project">\n		   <p>\n		   Проект был реализован в рамках...\n		   </p>\n		</div>\n		<p><a href="">Портал пенза</a></p>\n		<div class="project">\n		   <p>\n		   Проект был реализован в рамках...\n		   </p>\n		</div>\n		<p><a href="">Портал пенза</a></p>\n		<div class="project">\n		   <p>\n		   Проект был реализован в рамках...\n		   </p>\n		</div>\n	  </div>', 0, 0, 0, 0);

-- --------------------------------------------------------

--
-- Структура таблицы `partners`
--

CREATE TABLE IF NOT EXISTS `partners` (
  `id` int(11) NOT NULL AUTO_INCREMENT,
  `logo` text NOT NULL,
  `title` text NOT NULL,
  `text` text,
  `site` text NOT NULL,
  PRIMARY KEY (`id`)
) ENGINE=InnoDB  DEFAULT CHARSET=utf8 AUTO_INCREMENT=4 ;

--
-- Дамп данных таблицы `partners`
--

INSERT INTO `partners` (`id`, `logo`, `title`, `text`, `site`) VALUES
(1, 'partners_1', 'Оператор электронного правительства', NULL, 'http://www.oep-penza.ru/'),
(2, 'partners_2', 'Страховая компания РОСНО', NULL, 'http://rosno-ms.ru/'),
(3, 'partners_3', 'Веб-студия Пенза-Онлайн', NULL, 'http://i158.ru/211001');

-- --------------------------------------------------------

--
-- Структура таблицы `projects`
--

CREATE TABLE IF NOT EXISTS `projects` (
  `id` int(11) NOT NULL AUTO_INCREMENT,
  `logo` text,
  `title` text NOT NULL,
  `text` text NOT NULL,
  `site` text NOT NULL,
  PRIMARY KEY (`id`)
) ENGINE=InnoDB  DEFAULT CHARSET=utf8 AUTO_INCREMENT=7 ;

--
-- Дамп данных таблицы `projects`
--

INSERT INTO `projects` (`id`, `logo`, `title`, `text`, `site`) VALUES
(1, NULL, 'Портал Пенза 1', 'Проект был реализован в рамках...', '#'),
(2, NULL, 'Портал Пенза 2', 'Проект был реализован в рамках...', '#'),
(3, NULL, 'Портал Пенза 3', 'Проект был реализован в рамках...', '#'),
(4, NULL, 'Портал Пенза 4', 'Проект был реализован в рамках...', '#'),
(5, NULL, 'Портал Пенза 5', 'Проект был реализован в рамках...', '#'),
(6, NULL, 'Портал Пенза 6', 'Проект был реализован в рамках...', '#');

-- --------------------------------------------------------

--
-- Структура таблицы `questions`
--

CREATE TABLE IF NOT EXISTS `questions` (
  `id` int(11) NOT NULL AUTO_INCREMENT,
  `title` text NOT NULL,
  `text` text NOT NULL,
  PRIMARY KEY (`id`)
) ENGINE=InnoDB  DEFAULT CHARSET=utf8 AUTO_INCREMENT=7 ;

--
-- Дамп данных таблицы `questions`
--

INSERT INTO `questions` (`id`, `title`, `text`) VALUES
(1, 'Чем занимается Ассоциациия ТСЖ?', 'This is Photoshop''s version of Lorem Ipsum. Proin gravida nibh vel velit auctor aliquet. Aenean sollicitudin, lorem quis bibendum auctor, nisi elit consequat ipsum, nec sagittis sem nibh id elit. Duis sed odio sit amet nibh vulputate cursus a sit amet mauris. Morbi accumsan ipsum velit. Nam nec tellus a odio tincidunt auctor a ornare odio. Sed non mauris vitae erat consequat auctor eu in elit. Class aptent taciti sociosqu ad litora torquent per conubia nostra, per inceptos himenaeos. Mauris in erat justo. Nullam ac urna eu felis dapibus condimentum sit amet a augue. Sed non neque elit. Sed ut imperdiet nisi. Proin condimentum fermentum nunc. Etiam pharetra, erat sed fermentum feugiat, velit mauris egestas quam, ut aliquam massa nisl quis neque. Suspendisse in orci enim.'),
(2, 'Как вступить в Ассоциацию ТСЖ?', 'This is Photoshop''s version of Lorem Ipsum. Proin gravida nibh vel velit auctor aliquet. Aenean sollicitudin, lorem quis bibendum auctor, nisi elit consequat ipsum, nec sagittis sem nibh id elit. Duis sed odio sit amet nibh vulputate cursus a sit amet mauris. Morbi accumsan ipsum velit. Nam nec tellus a odio tincidunt auctor a ornare odio. Sed non mauris vitae erat consequat auctor eu in elit. Class aptent taciti sociosqu ad litora torquent per conubia nostra, per inceptos himenaeos. Mauris in erat justo. Nullam ac urna eu felis dapibus condimentum sit amet a augue. Sed non neque elit. Sed ut imperdiet nisi. Proin condimentum fermentum nunc. Etiam pharetra, erat sed fermentum feugiat, velit mauris egestas quam, ut aliquam massa nisl quis neque. Suspendisse in orci enim.'),
(3, 'Какие документы необходимы для вступления в Ассоциацию?', 'This is Photoshop''s version  of Lorem Ipsum. Proin gravida nibh vel velit auctor aliquet. Aenean sollicitudin, lorem quis bibendum auctor, nisi elit consequat ipsum, nec sagittis sem nibh id elit. Duis sed odio sit amet nibh vulputate cursus a sit amet mauris. Morbi accumsan ipsum velit. Nam nec tellus a odio tincidunt auctor a ornare odio. Sed non  mauris vitae erat consequat auctor eu in elit. Class aptent taciti sociosqu ad litora torquent per conubia nostra, per inceptos himenaeos. Mauris in erat justo. Nullam ac urna eu felis dapibus condimentum sit amet a augue. Sed non neque elit. Sed ut imperdiet nisi. Proin condimentum fermentum nunc. Etiam pharetra, erat sed fermentum feugiat, velit mauris egestas quam, ut aliquam massa nisl quis neque. Suspendisse in orci enim.'),
(4, 'Где узнать номера аварийных служб?', 'This is Photoshop''s version  of Lorem Ipsum. Proin gravida nibh vel velit auctor aliquet. Aenean sollicitudin, lorem quis bibendum auctor, nisi elit consequat ipsum, nec sagittis sem nibh id elit. Duis sed odio sit amet nibh vulputate cursus a sit amet mauris. Morbi accumsan ipsum velit. Nam nec tellus a odio tincidunt auctor a ornare odio. Sed non  mauris vitae erat consequat auctor eu in elit. Class aptent taciti sociosqu ad litora torquent per conubia nostra, per inceptos himenaeos. Mauris in erat justo. Nullam ac urna eu felis dapibus condimentum sit amet a augue. Sed non neque elit. Sed ut imperdiet nisi. Proin condimentum fermentum nunc. Etiam pharetra, erat sed fermentum feugiat, velit mauris egestas quam, ut aliquam massa nisl quis neque. Suspendisse in orci enim.'),
(5, 'Какие преимущества от вступления в Ассоциацию?', 'This is Photoshop''s version  of Lorem Ipsum. Proin \n'),
(6, 'Какие услуги предоставляет Ассоциация ТСЖ?', 'This is Photoshop''s version  of Lorem Ipsum. Proin gravida nibh vel velit auctor aliquet. Aenean sollicitudin, lorem quis bibendum auctor, nisi elit consequat ipsum, nec sagittis sem nibh id');

-- --------------------------------------------------------

--
-- Структура таблицы `regions`
--

CREATE TABLE IF NOT EXISTS `regions` (
  `id` int(10) NOT NULL AUTO_INCREMENT,
  `name` varchar(255) NOT NULL,
  `link` varchar(255) NOT NULL,
  `coord` text NOT NULL,
  PRIMARY KEY (`id`)
) ENGINE=InnoDB  DEFAULT CHARSET=utf8 COMMENT='Координаты районов для карты' AUTO_INCREMENT=32 ;

--
-- Дамп данных таблицы `regions`
--

INSERT INTO `regions` (`id`, `name`, `link`, `coord`) VALUES
(1, 'Неверкинский район', '/organisations?municipal_district=21', '653,332,652,334,651,337,650,340,648,342,646,341,645,339,642,336,642,336,639,333,637,329,637,329,635,331,634,332,632,330,632,329,632,327,631,327,630,327,628,328,626,327,626,325,627,323,626,321,626,319,623,317,620,314,616,311,613,311,612,310,612,309,611,306,611,304,611,300,612,300,615,298,616,296,619,294,621,293,623,292,624,290,624,288,624,285,627,283,629,281,631,278,633,278,635,278,638,279,640,282,645,283,648,283,652,284,656,286,658,288,660,289,663,288,665,288,669,286,671,284,674,281,679,279,683,277,686,276,688,276,693,278,696,279,699,282,701,282,705,282,703,283,701,286,701,289,701,291,701,292,702,294,704,296,704,300,704,302,706,305,707,305,712,305,712,310,712,311,711,314,711,317,710,319,708,322,706,323,705,325,706,327,704,330,703,331,701,332,700,332,699,333,697,335,695,337,693,337,691,335,689,337,690,339,689,341,688,342,688,344,687,348,687,351,686,355,684,356,682,357,679,356,676,355,674,352,672,351,669,348,669,348,667,346,664,347,662,346,660,345,659,341,659,337,657,335,657,333,656,329,654,329,653,332'),
(2, 'Кузнецкий район', '/organisations?municipal_district=15', '680,170,679,167,676,166,673,165,671,165,670,167,670,171,670,173,669,175,665,176,664,179,664,181,664,184,663,186,660,187,659,188,656,188,652,187,650,188,648,190,647,190,643,190,640,190,635,189,632,189,630,192,631,194,631,195,631,199,631,201,630,203,628,205,624,205,621,205,621,203,617,203,614,206,615,210,614,211,615,213,612,216,611,213,608,212,607,215,607,216,606,219,605,221,606,224,608,225,609,227,610,229,612,230,614,232,612,236,610,237,608,236,606,235,606,232,605,229,605,226,604,223,602,222,600,218,599,217,597,219,595,221,591,222,590,223,586,223,586,225,587,227,587,230,585,232,585,234,586,236,587,239,588,240,590,243,591,245,590,247,589,249,588,252,584,254,587,255,589,254,592,255,592,257,593,260,591,263,590,263,589,265,587,268,587,271,588,274,591,276,594,277,595,278,599,280,600,282,603,281,605,281,608,280,612,282,615,286,617,290,616,291,614,292,611,294,609,296,608,299,610,301,615,299,618,296,619,295,624,293,625,292,625,287,627,283,629,283,631,281,632,279,634,279,636,280,639,282,643,284,644,284,649,284,649,284,654,285,657,286,659,288,660,289,664,290,667,289,668,286,673,284,675,282,678,280,683,277,686,277,689,276,692,277,694,278,696,280,699,281,703,281,703,280,702,278,702,277,703,275,703,270,703,270,701,269,700,268,700,266,702,263,702,259,702,257,702,254,703,250,703,247,703,245,703,243,701,242,699,241,699,239,700,239,705,238,707,237,707,235,707,232,706,229,704,226,703,224,700,223,698,221,695,220,692,220,691,217,691,214,691,212,692,211,693,208,693,206,693,204,695,201,698,201,701,202,703,202,703,200,703,198,703,195,701,194,701,195,699,195,698,196,695,195,695,193,696,189,696,185,695,180,693,180,689,180,686,177,685,175,685,173,685,172,682,171,680,170'),
(3, 'Камешкирский район', '/organisations?municipal_district=13', '588,266,584,264,584,263,581,264,580,267,579,268,576,270,575,272,572,274,568,274,567,276,565,280,564,283,562,284,561,285,559,286,556,283,554,284,551,281,550,281,547,279,544,278,544,274,542,271,540,270,538,270,538,275,539,277,539,279,538,282,537,283,535,285,536,286,537,287,539,289,542,293,542,296,542,297,542,300,540,302,539,305,535,306,534,311,534,313,531,318,531,321,529,325,526,326,525,328,525,329,527,330,531,331,533,329,535,329,536,326,537,325,539,322,541,323,543,324,544,325,545,328,546,331,549,331,549,331,549,328,551,327,554,327,557,329,558,330,562,332,563,333,565,332,568,333,569,336,569,339,568,342,568,344,568,347,568,348,566,349,568,352,572,353,572,354,572,357,572,358,575,359,577,356,578,356,581,358,582,359,583,359,587,357,585,356,583,355,583,353,587,352,589,350,592,352,593,351,593,349,597,348,595,352,593,357,592,358,590,362,590,366,594,362,594,360,597,362,599,362,599,358,603,358,607,358,609,357,611,357,610,355,608,355,607,352,608,351,608,349,609,347,613,345,614,342,617,340,622,341,625,341,628,342,631,342,631,344,634,343,634,340,636,340,638,342,639,341,641,340,644,341,646,341,648,339,647,339,644,337,640,335,638,333,637,331,638,330,634,331,634,332,632,331,632,331,631,330,633,328,633,327,630,326,629,328,628,329,626,326,626,326,627,322,626,320,622,316,619,312,615,310,615,310,613,311,611,310,611,309,612,306,612,304,612,300,609,300,608,300,608,296,610,295,612,293,614,292,616,291,617,289,616,287,615,285,613,283,611,281,608,280,607,279,606,282,604,282,601,281,598,280,596,278,595,277,591,275,589,274,588,272,587,269,588,266'),
(4, 'Лопатинский район', '/organisations?municipal_district=16', '525,329,525,327,523,327,521,327,521,325,520,323,520,321,517,320,516,320,516,324,516,326,515,330,514,331,513,333,510,336,508,338,507,339,507,341,506,343,506,345,507,347,509,349,507,352,505,353,501,352,499,351,497,353,494,355,493,356,488,359,487,361,484,362,482,362,480,360,480,360,478,361,476,361,474,361,473,359,470,359,468,359,467,362,464,363,465,367,466,370,468,374,469,376,470,378,470,380,469,382,468,385,467,387,467,388,468,390,469,392,470,395,470,396,473,398,476,399,479,400,480,403,481,403,481,408,481,409,483,411,486,413,487,411,487,407,488,406,489,405,493,406,494,405,496,403,499,403,499,401,499,398,500,396,499,393,499,392,503,393,503,393,505,393,508,393,509,394,509,395,511,396,512,394,514,392,514,390,515,387,518,384,521,383,520,386,521,389,522,390,523,393,527,393,526,396,526,396,525,397,527,399,529,399,532,397,534,396,534,396,536,396,537,396,537,397,536,400,538,403,541,403,542,403,544,402,546,401,547,403,548,404,548,406,554,407,556,407,558,407,561,410,563,410,564,408,564,408,566,404,567,401,569,400,571,398,571,396,571,394,568,393,568,391,570,387,571,384,574,381,577,380,579,378,581,379,583,377,585,373,586,373,587,376,588,378,589,378,591,378,591,376,591,374,591,371,589,368,590,366,591,362,590,360,594,358,595,354,595,352,596,349,596,347,594,347,593,349,593,351,591,353,590,350,588,351,586,353,584,352,583,353,584,355,587,356,586,357,585,359,582,360,580,359,580,356,578,356,576,358,572,359,571,358,574,354,570,353,567,351,566,350,567,348,569,347,569,344,569,341,569,339,568,337,568,334,567,332,565,332,565,334,563,334,560,331,557,329,554,328,550,328,550,330,550,331,547,331,547,329,546,327,544,325,543,324,540,323,539,324,538,326,536,328,533,329,531,330,529,330,527,331,525,329'),
(5, 'Шемышейский район', '/organisations?municipal_district=29', '521,320,518,321,516,321,516,324,516,327,515,329,514,331,513,333,511,334,509,336,508,340,507,342,506,346,508,349,506,352,504,353,501,353,500,350,497,352,495,354,494,356,491,357,490,359,486,361,482,363,482,362,481,360,480,361,477,362,474,361,473,358,470,359,468,360,467,362,465,363,464,361,464,359,465,357,464,353,468,352,468,351,470,349,472,349,474,347,473,344,473,342,473,340,473,338,474,336,472,334,473,333,474,332,474,328,471,328,468,329,466,328,463,326,462,325,461,323,460,321,458,320,456,319,453,319,452,320,450,317,448,316,448,314,448,311,447,309,446,306,446,305,443,304,442,303,441,301,437,300,435,300,434,299,432,299,432,297,435,296,437,294,438,292,442,290,443,288,443,285,442,281,442,279,441,274,442,272,443,270,445,269,447,267,448,266,451,269,451,271,451,272,451,275,451,275,451,278,451,279,454,281,456,281,457,284,459,283,462,281,464,280,462,275,462,274,462,272,462,270,461,268,461,264,460,261,463,259,467,259,471,259,473,257,477,256,479,254,482,253,485,254,487,251,489,251,491,249,495,248,497,245,499,244,502,243,504,243,506,243,508,243,509,244,509,245,509,247,512,250,513,251,514,253,513,257,513,257,513,260,515,262,516,265,521,267,524,269,530,270,532,270,535,269,538,270,538,273,539,276,539,280,538,282,537,283,535,287,540,288,541,291,542,294,543,299,541,302,540,303,538,304,536,306,535,311,533,314,532,318,530,322,529,325,528,326,524,326,522,327,521,325,521,322,521,320'),
(6, 'Малосердобский район', '/organisations?municipal_district=18', '439,409,437,411,435,413,434,413,432,415,434,418,434,420,435,422,437,424,436,426,436,429,435,432,432,432,428,431,425,430,423,427,422,426,421,424,421,421,420,418,418,419,417,421,416,421,412,420,409,420,408,419,408,416,408,412,408,407,407,405,404,400,401,399,399,400,397,401,394,401,391,399,389,397,385,396,380,396,383,394,384,392,387,390,389,390,392,389,394,388,394,385,393,383,393,379,393,375,393,373,394,370,395,368,398,366,400,363,402,363,404,362,406,360,405,358,403,355,406,353,408,352,409,351,410,349,412,348,414,348,416,348,418,348,420,350,421,350,422,351,426,351,428,351,429,350,431,350,431,352,432,354,433,356,435,356,439,354,441,353,443,352,444,352,448,352,450,354,451,354,455,354,460,354,463,354,465,355,465,357,465,358,464,360,463,362,466,365,466,366,466,368,467,371,468,374,470,377,470,379,470,383,467,385,466,387,469,391,471,398,474,399,477,401,481,401,482,404,482,407,481,408,477,408,477,411,477,413,475,414,473,411,471,410,467,413,466,414,463,413,461,413,460,414,457,416,454,412,453,410,450,409,448,408,449,406,447,406,441,407,439,409'),
(7, 'Кондольский район', '/organisations?municipal_district=', '473,338,472,340,473,342,475,346,474,348,470,349,469,352,462,354,459,354,457,355,455,354,452,354,448,352,443,352,442,353,439,355,436,356,433,356,432,354,432,352,432,351,430,350,426,351,424,351,422,351,421,350,419,348,416,349,414,348,412,347,411,348,410,351,407,354,405,355,403,355,400,350,397,345,397,343,396,341,393,338,392,336,389,335,388,332,386,330,386,327,386,324,385,322,385,319,387,317,387,315,385,312,384,310,383,308,383,303,383,302,382,301,377,299,376,298,376,296,378,294,378,294,378,294,377,290,376,288,376,288,375,286,374,285,377,281,377,280,379,279,383,279,385,279,388,278,389,276,391,275,392,275,396,277,398,280,399,281,402,283,401,281,402,279,406,278,408,276,412,277,413,280,414,283,416,285,420,287,421,288,423,290,426,293,426,295,426,298,430,299,432,298,437,301,440,300,442,301,443,304,445,304,447,305,447,307,449,310,449,313,449,313,450,315,452,319,452,319,453,319,456,319,458,319,460,321,462,324,463,325,465,327,468,329,471,328,471,327,473,327,474,329,474,331,473,332,473,334,473,338'),
(8, 'Пензенский район', '/organisations?municipal_district=25', '410,277,407,277,406,279,404,279,403,278,402,282,402,283,401,282,399,280,398,279,395,277,393,276,392,275,389,276,388,279,386,280,383,280,379,280,377,279,374,278,372,276,371,274,368,272,366,271,364,273,361,274,359,276,358,277,356,278,354,281,351,281,347,282,345,282,341,282,340,283,338,284,337,284,335,282,333,281,330,281,329,281,327,279,323,278,321,276,320,274,317,271,316,268,318,265,320,264,321,263,321,260,323,257,323,254,323,251,323,250,325,249,329,248,329,247,327,245,326,244,323,242,318,242,316,241,315,239,315,235,316,233,318,231,322,230,324,229,327,227,328,225,328,224,330,222,332,221,336,219,341,217,343,216,344,216,347,216,349,215,350,218,351,220,355,219,359,215,362,213,364,210,365,207,365,206,364,203,363,201,360,201,359,198,363,195,366,192,368,191,371,190,371,190,371,193,371,195,374,196,376,196,378,196,380,200,383,203,384,205,386,207,387,207,388,207,390,204,390,204,392,203,394,206,396,208,399,208,402,207,403,205,405,204,404,205,403,207,405,210,405,212,403,213,402,214,402,218,403,220,404,223,406,224,408,228,410,229,412,230,413,231,414,234,415,235,418,236,419,238,420,239,423,241,425,242,428,241,430,240,426,237,428,235,430,233,432,234,435,234,438,233,439,232,441,230,443,230,445,230,449,231,452,229,454,227,456,225,457,228,457,230,457,232,457,235,454,237,453,237,452,240,452,242,453,244,455,246,457,249,461,248,462,248,464,247,470,247,471,248,474,248,474,248,476,247,478,249,479,249,480,246,484,244,485,244,488,246,489,247,490,250,489,252,488,252,486,253,485,255,483,255,482,254,480,255,476,256,473,258,470,259,466,260,463,260,461,260,460,261,461,264,462,267,461,272,462,273,463,277,464,278,464,281,460,281,458,284,456,284,454,281,452,279,452,277,453,275,452,271,451,269,449,267,448,267,446,269,443,271,442,272,442,275,442,278,443,281,443,283,444,286,443,290,441,292,438,293,436,296,433,299,430,299,426,298,426,298,425,293,424,290,421,288,418,287,415,285,415,284,412,279,410,277'),
(9, 'Колышлейский район', '/organisations?municipal_district=14', '379,292,378,294,377,296,377,299,381,300,382,300,383,303,383,306,383,308,384,310,386,312,387,313,387,315,387,317,386,321,386,324,387,328,388,333,390,336,392,336,396,341,397,345,399,349,403,355,405,357,406,360,405,362,402,364,398,366,396,368,395,372,394,380,395,385,395,390,391,390,388,391,386,393,383,395,379,395,378,395,377,394,373,396,371,394,369,392,367,391,366,389,367,387,367,387,365,385,361,384,359,383,358,382,357,380,355,378,352,381,351,382,348,381,349,378,348,376,346,373,344,371,341,367,342,366,339,363,335,367,332,367,329,367,328,366,325,364,322,363,318,359,316,357,314,356,311,356,309,352,309,352,308,346,309,343,309,341,308,338,307,334,307,331,311,329,312,326,309,320,308,319,308,317,308,315,307,315,305,316,303,316,303,316,302,315,299,314,296,314,295,312,295,309,295,304,298,300,301,299,305,300,308,300,312,298,314,298,314,295,316,292,316,291,319,289,322,286,326,283,328,280,330,281,335,281,335,283,336,284,341,282,348,281,350,280,354,281,356,278,359,277,361,275,364,272,366,271,370,272,370,272,372,277,375,277,376,279,377,283,375,285,376,287,377,290,379,292'),
(10, 'Каменский район', '/organisations?municipal_district=12', '329,247,328,249,324,250,324,253,323,258,322,261,320,264,317,267,317,270,319,273,321,275,324,277,327,279,329,282,325,283,322,287,321,288,320,290,318,290,317,292,315,296,315,297,314,299,311,299,305,301,301,300,299,300,297,301,296,305,294,309,291,310,290,308,288,307,287,304,285,303,284,304,282,308,279,311,274,313,271,314,267,316,263,317,261,315,261,313,259,311,255,311,252,310,248,306,248,304,247,300,245,299,246,296,248,296,249,293,249,292,245,291,243,288,240,287,239,285,244,284,246,284,247,283,245,282,244,279,242,277,243,275,243,273,239,269,237,266,238,264,241,262,243,260,245,257,246,255,246,253,245,249,243,247,243,246,241,244,237,242,235,242,233,242,231,240,227,240,225,240,222,239,217,238,216,237,214,235,212,232,209,231,207,231,206,229,204,228,203,227,203,225,206,222,207,222,210,224,210,224,213,224,216,223,217,223,219,221,219,218,220,217,223,215,224,216,227,216,229,215,231,216,234,217,237,218,240,218,246,218,247,216,246,215,245,213,249,212,248,210,247,209,247,204,248,202,249,200,249,198,250,195,251,190,256,185,256,183,257,182,261,180,264,179,269,178,272,178,280,178,282,179,286,183,287,185,289,184,289,183,287,180,287,177,288,176,289,173,292,171,295,171,297,170,299,169,301,168,305,167,304,168,303,169,304,173,304,174,305,178,304,179,303,181,304,183,305,186,307,188,308,189,311,191,312,192,317,195,317,199,317,202,317,204,316,206,318,211,320,211,322,212,324,214,324,216,325,218,325,219,327,223,328,224,328,226,327,228,324,230,321,230,319,231,317,232,316,233,315,237,316,240,317,242,319,242,322,242,322,242,326,243,327,245,329,247'),
(11, 'Сосновоборский район', '/organisations?municipal_district=27', '616,216,613,216,612,217,612,215,610,213,608,214,608,217,608,218,608,221,606,221,606,223,607,225,609,228,612,229,613,231,613,232,612,234,612,235,611,238,609,238,607,236,606,235,606,233,605,230,605,228,604,227,604,226,603,223,601,221,600,220,599,218,598,218,597,220,595,221,593,222,590,224,589,224,585,224,587,227,588,229,587,232,584,233,582,230,580,228,578,225,575,223,577,221,576,218,575,219,571,221,566,221,564,221,565,219,565,217,561,212,560,207,559,204,558,201,558,194,558,192,559,190,558,186,557,186,555,182,552,180,547,181,547,179,548,177,547,175,544,175,543,173,547,171,547,167,545,164,543,162,544,157,545,153,548,147,549,146,552,143,554,141,557,141,559,141,565,142,566,143,569,143,571,142,575,143,576,143,580,144,582,144,584,143,587,142,589,141,591,140,593,142,595,141,595,140,594,136,595,135,597,137,600,136,601,136,603,136,603,139,605,139,608,139,611,137,614,138,616,139,618,139,618,137,620,137,622,136,625,136,629,135,630,134,631,136,630,138,632,140,633,141,636,143,641,146,642,150,642,150,643,150,644,148,647,148,647,151,649,152,650,150,651,151,653,154,654,152,654,150,657,148,659,148,662,148,666,149,665,151,663,152,662,154,662,156,663,159,665,160,668,160,669,160,670,163,670,163,672,165,670,170,670,175,667,177,666,178,663,181,665,183,665,184,661,186,659,189,656,189,651,189,647,192,645,192,643,192,638,191,636,190,634,190,633,191,632,194,632,196,633,199,633,201,630,203,627,206,624,206,622,206,621,205,617,203,616,206,615,209,615,211,616,216'),
(12, 'Городищенский район', '/organisations?municipal_district=9', '510,245,509,243,507,243,506,244,504,244,502,243,500,244,496,246,495,248,492,249,491,249,491,247,488,247,486,246,485,244,482,243,481,242,481,240,483,238,484,237,483,236,482,235,482,233,483,232,483,231,482,229,482,228,483,226,483,225,484,224,485,223,485,221,485,221,487,218,488,217,489,215,492,214,494,212,495,210,493,210,490,208,488,206,488,202,488,202,486,199,485,199,486,197,489,196,490,196,492,195,492,193,490,192,489,189,491,188,493,188,493,187,492,184,489,183,487,180,487,178,486,176,486,175,484,173,483,172,483,171,483,169,483,167,483,166,483,166,484,162,484,159,486,157,487,156,485,152,484,150,482,148,485,146,488,145,486,143,482,143,481,141,481,140,482,138,484,137,486,135,489,133,491,132,497,132,502,132,505,132,510,132,511,132,515,133,515,134,517,136,518,135,523,135,524,137,525,137,527,135,529,133,530,132,530,131,532,130,535,132,536,135,536,137,535,137,536,140,536,142,537,146,539,147,541,148,542,148,544,145,546,145,550,145,549,148,547,149,546,153,545,155,545,157,544,159,544,159,543,164,546,166,547,169,547,172,544,173,544,174,546,174,548,176,547,178,546,180,550,181,551,181,553,181,554,181,555,183,556,184,559,187,560,189,560,191,558,195,558,199,559,203,559,206,561,212,561,214,566,218,564,220,565,222,569,221,569,222,572,220,574,219,576,219,576,222,576,225,579,226,579,227,581,230,585,232,585,233,588,236,589,240,589,241,591,244,591,247,589,251,587,252,585,254,589,255,590,253,592,256,592,256,594,259,593,260,591,263,590,265,587,266,585,265,584,263,582,264,578,269,574,273,572,274,570,274,567,275,566,278,564,281,564,283,563,284,561,285,560,287,557,286,553,283,548,280,545,278,544,276,543,275,542,272,540,271,534,269,529,270,524,269,522,267,518,266,516,264,513,261,511,259,512,257,513,255,513,252,512,251,509,249,509,246,510,245'),
(13, 'ЗАРЕЧНЫЙ', '/organisations?municipal_district=2', '484,231,483,233,482,235,484,236,484,238,482,240,481,242,483,243,482,245,480,247,480,249,479,250,477,249,477,246,476,246,473,248,470,248,466,247,464,248,461,248,458,249,457,248,456,246,454,243,453,242,451,239,453,237,454,235,457,234,457,231,456,228,456,225,455,224,454,222,458,220,460,220,462,218,465,217,467,217,469,217,472,218,477,219,478,219,483,220,485,220,486,221,486,223,485,224,485,225,483,226,483,228,484,231'),
(14, 'ПЕНЗА', '/organisations?municipal_district=1', '453,228,451,230,450,232,448,231,446,230,443,229,442,230,441,233,437,233,436,234,434,235,433,235,431,234,430,233,429,235,428,238,428,238,430,240,430,241,429,242,428,242,426,241,424,241,423,241,422,240,420,238,418,236,414,235,413,232,412,231,408,228,405,225,403,222,402,218,402,216,402,214,404,213,404,212,405,210,404,208,404,205,405,203,407,202,412,203,415,203,418,202,420,202,424,202,427,202,430,203,432,205,434,208,435,211,436,213,439,216,439,218,436,220,437,222,440,222,441,225,443,225,443,223,443,221,444,219,445,219,444,216,443,214,446,213,448,212,449,212,452,214,453,216,453,217,455,220,456,224,455,226,453,228'),
(15, 'Бессоновский район', '/organisations?municipal_district=5', '430,203,425,203,420,203,418,203,413,203,410,203,408,203,406,204,404,203,403,205,401,207,398,209,396,207,393,204,393,203,393,200,394,197,393,196,391,194,392,192,389,189,388,187,388,186,387,182,389,180,393,176,395,172,396,170,396,168,396,161,396,159,396,156,398,156,400,155,400,152,400,149,402,145,403,143,404,142,405,141,408,141,410,143,411,143,414,143,414,141,417,141,419,141,423,141,423,144,421,145,423,148,425,146,427,146,429,146,432,146,432,143,434,141,435,140,437,140,440,140,442,140,442,139,445,137,449,139,450,139,449,141,449,142,448,145,452,144,455,145,457,147,455,149,453,149,451,149,447,147,446,148,446,150,444,153,441,155,441,157,440,163,439,166,440,168,442,171,446,171,450,172,456,171,459,171,461,172,465,172,465,172,470,171,473,170,477,170,482,170,484,171,484,174,485,175,486,176,487,180,487,182,488,184,491,185,493,186,494,188,490,188,488,189,491,191,492,193,492,196,490,197,486,196,485,198,487,201,489,203,489,206,492,209,495,210,494,211,492,214,491,216,489,218,486,219,484,220,479,218,478,219,474,219,471,218,465,218,461,218,460,220,459,221,457,221,454,220,453,217,452,216,451,213,447,212,445,213,443,216,445,217,444,220,444,221,444,223,442,224,441,224,440,223,438,222,436,220,438,219,439,218,437,216,436,214,435,212,434,210,432,208,430,204,430,203'),
(16, 'Никольский район', '/organisations?municipal_district=23', '611,82,613,83,614,87,613,89,616,94,617,97,620,101,622,104,625,103,627,106,630,105,631,107,631,108,633,111,636,115,633,118,631,118,630,120,631,121,631,125,631,128,629,130,630,133,628,135,627,136,620,137,617,137,617,138,617,140,616,140,613,137,610,138,609,138,606,140,604,139,604,138,601,137,600,135,599,137,597,137,596,135,595,136,596,139,596,141,595,142,593,142,592,141,592,141,589,140,587,143,586,144,582,144,580,144,579,145,577,142,576,144,575,143,575,142,574,142,573,143,572,144,571,143,570,142,569,143,567,143,566,143,563,142,560,142,555,142,553,143,552,145,549,146,548,145,545,144,545,145,543,147,542,149,539,147,537,146,536,143,537,142,535,140,535,140,534,137,536,135,536,133,535,132,534,130,532,129,531,131,529,134,528,135,526,136,524,137,521,135,518,134,517,135,517,136,514,134,514,133,511,132,505,132,500,132,493,133,490,133,487,135,484,136,483,135,484,133,486,130,488,127,491,128,492,125,492,123,494,122,497,121,499,119,498,118,495,116,493,116,493,115,493,112,493,111,490,110,488,111,487,111,487,110,486,109,484,111,483,111,481,112,481,114,480,114,479,112,480,110,480,108,484,105,489,102,490,100,490,99,493,99,494,101,495,101,496,99,496,95,495,92,495,87,497,84,501,81,504,78,506,76,508,74,511,72,514,72,513,70,514,68,517,67,519,65,520,64,519,62,516,61,515,61,514,60,515,58,514,56,512,57,510,58,509,60,508,60,507,58,507,57,507,55,507,53,502,53,501,54,496,55,490,54,490,54,489,51,489,48,491,49,495,48,497,47,499,47,497,43,498,41,499,40,502,40,506,42,508,43,512,44,518,45,521,47,525,48,527,48,526,46,525,44,524,43,523,41,525,38,527,36,528,35,531,35,534,31,535,30,539,29,542,28,544,27,548,27,550,26,550,24,553,21,554,24,554,25,554,27,556,27,556,25,556,24,556,22,560,20,557,19,557,16,560,18,561,19,561,21,560,22,559,24,559,25,562,25,563,25,563,27,565,27,566,26,568,25,571,26,569,28,569,29,569,31,571,32,572,31,575,31,577,33,578,34,580,35,582,37,582,39,586,40,589,41,590,43,592,46,592,48,592,50,593,51,593,52,592,56,592,56,592,59,592,60,591,65,590,69,588,69,585,70,587,72,590,71,591,71,597,71,600,71,603,72,607,74,607,76,605,77,602,78,602,79,602,81,604,84,607,85,609,83,611,82'),
(17, 'Лунинский район', '/organisations?municipal_district=17', '490,48,489,51,490,54,492,54,494,55,498,55,500,54,501,52,504,52,507,53,508,54,508,56,508,58,508,61,510,59,513,56,514,56,517,56,515,58,513,59,513,60,517,61,518,62,520,64,518,66,517,69,515,68,514,69,514,71,513,72,512,73,510,74,507,74,506,76,505,79,503,80,500,82,497,84,496,86,494,90,497,93,497,95,496,98,496,101,494,100,492,98,490,100,489,102,485,104,483,105,481,107,479,109,480,111,480,114,482,112,483,110,486,108,487,109,488,110,490,110,492,110,492,113,493,114,494,117,497,116,498,119,498,120,496,122,494,122,492,124,491,128,491,129,489,127,488,128,487,129,485,132,483,136,483,139,481,141,483,142,484,142,487,144,488,145,487,146,484,148,484,149,485,151,486,153,488,156,486,159,484,160,484,162,484,164,485,167,482,170,478,171,471,171,469,171,466,171,465,172,461,173,461,172,459,171,449,171,444,171,442,171,441,169,440,168,440,163,440,158,442,154,444,153,446,150,446,149,447,148,450,149,452,149,456,149,457,147,457,145,451,145,449,145,448,144,449,142,450,141,449,139,447,138,444,138,443,138,442,139,441,141,437,141,435,140,433,143,432,145,430,146,428,145,427,146,426,147,425,147,422,146,422,144,422,142,422,141,417,141,415,141,414,143,411,144,408,141,406,141,405,138,407,136,409,135,411,136,412,135,411,134,413,131,413,129,414,126,413,122,411,119,409,117,410,114,411,110,409,108,407,106,405,106,407,103,407,100,407,97,405,96,405,94,406,92,408,91,412,89,416,88,419,88,421,90,423,91,425,91,429,90,434,90,436,87,438,83,441,80,441,76,443,75,443,73,446,71,448,69,449,67,451,65,452,62,453,60,455,58,454,56,456,54,457,52,455,49,454,48,456,46,458,43,460,40,462,42,463,44,463,44,465,48,464,51,466,54,469,55,476,54,476,52,480,50,484,48,487,47,490,48'),
(18, 'Иссинский район', '/organisations?municipal_district=11', '400,32,399,34,398,36,397,39,396,41,395,42,392,42,390,42,388,43,385,44,384,44,386,46,387,48,384,50,382,51,380,50,380,48,379,46,378,45,377,46,376,48,375,47,373,47,372,49,373,50,372,52,370,52,368,52,366,54,366,56,368,58,368,60,366,61,367,62,368,64,367,67,366,67,366,70,368,71,372,71,373,72,376,74,376,75,375,77,373,76,371,76,370,78,369,78,373,80,372,82,375,82,377,83,379,84,380,87,380,90,382,92,385,95,384,97,382,99,380,100,382,103,383,105,382,108,383,110,386,110,388,108,390,109,392,108,393,106,395,106,398,107,400,108,402,108,405,106,407,104,408,99,408,97,405,96,405,93,407,91,410,90,412,89,415,89,417,89,418,89,423,91,425,91,427,91,431,90,433,91,435,88,439,84,439,82,441,78,442,75,443,73,447,71,448,69,450,66,451,64,452,63,451,61,453,59,455,59,454,56,455,55,456,54,456,51,455,49,455,47,457,45,459,44,460,41,459,40,456,38,453,37,451,35,450,33,448,31,446,31,444,32,442,32,440,33,440,34,440,35,437,34,434,34,432,34,429,33,428,33,424,33,424,31,423,29,420,31,419,33,417,33,416,34,417,35,415,37,414,36,412,33,412,33,407,32,405,32,404,34,403,34,402,33,400,32'),
(19, 'Мокшанский район', '/organisations?municipal_district=19', '338,92,335,93,335,94,333,96,333,98,336,98,337,96,339,97,341,100,344,102,346,104,348,105,351,104,353,103,355,102,356,102,356,104,354,105,352,107,351,109,353,109,356,107,358,105,361,105,364,105,364,102,363,100,364,99,367,100,369,101,372,100,375,100,379,100,381,103,383,105,383,107,383,110,386,110,387,107,389,108,392,109,393,108,394,106,394,105,396,105,398,107,400,108,402,107,405,106,407,106,408,107,410,111,411,114,410,115,410,118,412,121,414,123,415,126,414,128,413,131,412,132,412,135,411,136,409,135,408,135,406,137,406,139,404,141,404,142,402,145,401,148,401,150,401,153,401,154,400,155,397,156,397,158,396,161,396,163,396,166,396,168,396,171,395,173,393,175,392,177,390,178,390,179,388,180,387,181,387,183,389,184,389,186,389,189,390,191,391,192,393,195,394,196,394,199,394,201,393,204,391,204,390,204,389,205,389,207,389,207,386,207,383,205,381,202,378,199,376,196,372,195,371,193,371,190,368,192,367,193,363,195,363,197,360,199,360,201,363,201,364,202,365,205,365,207,364,208,363,210,363,213,361,214,358,217,356,218,352,220,351,220,349,217,348,215,346,216,345,217,343,218,342,216,341,217,338,217,335,221,331,222,329,223,326,223,325,220,325,218,323,215,324,214,322,212,320,211,317,208,316,204,316,200,316,196,316,194,312,193,310,190,308,188,306,187,303,185,302,183,303,180,305,178,304,176,302,171,303,168,304,167,304,164,300,162,301,157,298,153,296,151,292,152,290,152,289,149,287,149,284,149,282,148,282,146,281,144,279,142,277,142,278,138,279,136,280,136,283,136,286,136,289,135,292,133,294,132,295,132,299,133,302,134,304,135,303,132,301,129,300,128,297,127,299,125,300,124,301,124,301,122,301,121,302,119,302,117,301,116,301,114,301,113,303,112,306,111,305,109,307,107,308,104,308,102,309,99,308,96,310,97,312,99,316,99,317,99,319,98,323,99,325,98,325,96,328,94,331,92,334,91,336,92,338,92'),
(20, 'Нижнеломовский район', '/organisations?municipal_district=22', '285,86,286,86,289,90,291,89,294,89,294,89,296,87,299,89,298,91,297,93,297,93,297,96,297,99,298,99,301,98,302,96,303,95,306,95,308,96,308,100,308,102,308,104,306,107,306,108,305,111,304,112,301,114,301,116,303,117,303,120,300,121,302,123,298,124,298,127,301,129,303,132,305,137,304,135,301,134,298,132,296,132,292,131,292,132,292,134,290,134,286,135,283,136,282,137,280,135,278,136,278,138,279,139,278,139,278,142,280,143,282,144,282,146,282,147,282,149,285,149,287,148,288,151,290,151,293,151,294,152,297,152,299,153,300,157,300,159,301,162,304,163,304,166,303,168,301,168,298,168,298,171,294,172,291,171,289,172,287,176,287,179,288,181,289,185,287,184,283,180,279,178,275,179,274,179,272,179,270,179,264,180,260,181,258,183,255,185,253,188,249,182,246,180,243,179,241,177,241,175,241,173,241,170,241,169,238,169,235,171,232,171,231,172,228,170,224,170,223,170,221,170,221,172,219,170,219,170,217,168,214,170,214,172,212,173,211,172,210,170,208,167,206,166,206,163,209,162,210,161,209,158,207,157,206,154,203,152,202,154,200,153,196,151,193,151,191,150,189,148,187,148,182,149,178,149,177,147,177,144,177,142,177,139,178,138,178,136,181,132,184,130,186,127,188,124,189,121,189,119,186,119,185,121,183,121,182,121,182,120,183,118,183,117,184,116,183,110,182,108,180,106,180,104,182,101,184,99,186,96,188,95,189,92,192,90,193,90,194,93,194,92,197,91,199,94,199,94,202,95,204,93,207,93,207,98,210,99,215,99,216,98,220,95,221,94,221,92,224,92,226,94,227,95,229,96,233,96,236,97,238,98,239,100,242,101,245,100,248,100,249,100,250,104,253,104,255,102,258,101,261,99,264,100,265,99,268,96,267,94,269,90,272,89,273,85,278,85,285,86'),
(21, 'Сердобский район', '/organisations?municipal_district=26', '295,308,294,310,295,314,296,313,300,313,301,313,301,316,304,317,307,315,308,317,308,319,310,322,310,323,312,327,311,330,308,331,308,332,307,334,308,338,309,339,309,343,310,346,310,349,309,351,309,352,310,354,311,356,314,357,316,356,318,359,320,360,321,362,323,363,325,363,326,364,327,365,329,368,331,368,334,366,336,366,338,364,340,364,341,365,342,368,343,371,347,374,350,376,349,379,349,381,348,383,350,385,351,387,350,389,350,392,351,392,353,395,352,396,352,397,352,400,354,401,354,403,353,405,352,405,352,406,349,408,347,409,346,410,345,410,345,408,344,407,342,407,342,409,341,410,338,410,338,408,337,407,333,411,331,414,332,418,331,419,331,422,330,422,328,424,326,425,325,425,324,427,323,429,324,430,325,431,325,434,323,434,320,433,317,431,314,430,312,430,310,430,306,428,307,425,307,424,305,425,304,427,302,429,301,430,301,430,297,430,295,429,295,427,293,426,290,426,286,424,285,421,283,421,283,422,282,423,279,425,278,423,277,422,273,422,270,418,268,415,267,413,264,413,263,410,261,409,259,411,256,412,256,412,253,411,250,407,246,404,242,402,241,402,239,400,242,399,244,397,246,396,250,396,252,396,252,392,252,390,248,389,245,389,245,386,245,384,248,380,251,378,251,376,256,374,259,375,260,373,261,371,262,370,265,371,267,371,267,369,267,364,267,362,266,361,265,360,267,356,267,353,267,352,264,348,263,347,262,346,263,344,264,344,264,341,264,339,263,338,263,336,263,334,263,331,264,329,265,327,266,323,265,320,262,321,262,323,259,324,258,324,257,322,258,320,257,319,256,318,256,317,256,313,253,310,257,310,260,312,262,313,261,316,262,317,265,315,269,315,271,314,274,313,278,313,280,311,282,309,282,306,283,304,286,304,287,304,288,307,288,308,291,311,295,308'),
(22, 'Бековский район', '/organisations?municipal_district=6', '266,322,266,325,265,328,265,330,264,332,263,335,263,337,264,339,264,340,264,342,262,346,264,348,267,350,266,353,268,355,267,357,266,359,267,360,267,363,267,366,267,369,266,372,264,371,263,369,262,371,261,372,260,375,255,375,252,376,250,379,247,381,246,384,245,385,245,388,247,389,251,390,252,392,251,395,251,396,247,396,245,397,243,398,241,400,240,400,238,403,236,405,232,405,231,408,228,410,224,411,220,411,217,410,216,409,214,408,210,407,207,409,207,409,204,409,203,410,202,413,198,413,195,413,191,412,190,410,188,408,187,407,187,405,187,403,184,401,179,397,178,396,178,393,179,390,180,387,182,384,183,384,186,384,188,385,191,384,191,383,192,380,194,378,194,377,193,375,190,375,188,372,191,371,192,369,192,365,195,363,195,359,195,357,198,354,203,351,208,348,210,346,212,341,213,337,216,329,218,328,222,327,225,328,228,329,231,331,232,329,234,327,236,326,240,326,240,326,243,327,246,328,248,330,250,332,251,331,251,330,252,325,256,325,257,325,260,323,261,321,264,320,266,322'),
(23, 'Тамалинский район', '/organisations?municipal_district=30', '162,349,159,353,157,355,153,357,150,361,148,363,146,364,143,364,140,365,142,367,141,370,138,373,135,376,139,377,142,378,145,378,144,380,141,382,141,383,137,383,135,383,135,384,134,386,134,389,136,392,136,394,137,397,140,399,140,401,141,404,140,405,138,407,138,408,135,409,134,410,133,411,137,412,137,413,140,412,143,411,144,410,145,409,146,405,148,403,149,403,149,399,147,398,149,397,153,397,155,394,157,394,159,394,159,394,161,394,163,396,165,398,167,399,170,397,171,397,174,398,175,400,176,403,176,405,177,409,177,411,178,414,180,414,182,416,184,416,186,413,186,413,191,413,192,413,191,411,188,409,187,407,187,406,186,405,185,403,184,402,183,402,182,401,180,398,178,396,178,391,180,389,182,385,184,384,187,385,190,385,191,381,193,379,193,376,191,375,188,375,189,373,191,370,192,366,193,365,194,359,196,355,199,353,205,350,209,346,213,341,215,334,216,330,217,329,220,328,223,327,228,329,231,330,233,328,237,326,240,326,240,324,237,321,236,320,236,316,233,316,232,318,230,319,227,317,226,316,223,315,222,314,218,312,216,310,214,309,211,308,207,308,205,308,203,308,198,306,194,304,191,304,187,304,185,305,182,307,180,310,178,309,177,309,171,310,170,313,169,313,168,316,166,316,164,315,162,313,161,310,160,308,159,304,157,305,154,307,151,308,150,310,148,310,150,313,152,318,153,320,156,322,157,325,159,328,161,332,163,335,164,338,165,342,167,346,167,349,166,351,162,349'),
(24, 'Белинский район', '/organisations?municipal_district=7', '148,310,142,305,139,302,135,296,133,293,129,287,126,285,126,283,126,279,123,275,118,273,116,271,110,268,105,265,102,263,106,263,108,263,108,261,109,257,110,254,111,252,113,250,115,250,116,250,119,252,120,255,123,254,124,253,124,250,124,248,123,247,121,246,122,244,124,243,127,242,129,244,131,246,132,244,132,242,132,242,130,239,133,237,135,237,139,237,141,240,142,241,145,240,146,238,149,237,149,235,149,235,147,232,148,231,149,229,149,228,147,227,148,225,150,223,153,223,154,222,153,220,153,217,154,215,158,214,161,214,162,216,163,218,164,222,164,223,165,227,166,229,166,231,165,233,168,234,170,234,173,232,175,232,177,232,177,229,177,229,178,227,178,226,179,225,182,223,184,222,187,223,189,225,194,227,196,227,198,227,203,227,205,227,205,228,206,231,207,231,213,232,213,234,215,237,218,237,222,237,222,237,226,239,228,240,231,239,232,241,234,242,239,242,239,242,241,244,243,245,243,247,245,249,246,254,246,255,245,257,243,260,241,262,240,263,238,265,238,266,241,270,243,274,242,278,245,280,248,284,245,285,241,284,240,286,242,288,244,289,244,291,247,292,250,293,250,295,249,297,246,297,246,299,249,301,248,303,249,307,252,308,253,311,256,311,256,315,258,320,258,320,258,322,257,325,256,326,252,326,251,328,250,331,248,330,246,327,244,327,241,326,238,322,236,319,236,316,236,314,233,316,233,319,231,319,226,316,225,315,220,313,217,310,212,308,208,307,205,309,201,308,198,304,195,304,193,305,190,303,186,304,182,307,180,309,179,310,173,310,172,312,170,314,167,314,166,315,164,314,162,313,161,310,160,308,160,305,157,305,155,307,152,308,148,310'),
(25, 'Пачелмский район', '/organisations?municipal_district=24', '253,186,252,189,251,192,250,196,249,199,249,202,248,205,248,207,248,210,249,213,246,213,245,213,247,216,246,219,245,219,242,219,239,218,234,217,231,216,229,216,227,216,227,217,225,217,223,216,222,216,219,215,220,219,220,222,218,223,215,224,212,224,209,224,208,223,206,223,204,225,202,226,198,227,195,227,195,227,192,226,190,224,185,223,184,222,183,223,182,223,181,224,180,226,179,226,178,226,176,227,177,229,178,230,176,231,176,232,174,232,173,231,170,233,169,234,167,234,165,232,167,231,165,228,165,226,163,225,163,223,164,220,163,217,162,216,159,214,159,214,160,210,161,209,161,208,159,205,160,202,160,200,159,199,158,199,158,195,156,193,155,191,155,189,153,187,153,185,152,183,152,181,152,178,152,175,151,172,150,170,149,169,147,169,144,168,140,168,141,166,140,164,139,164,138,163,136,160,133,159,130,156,130,155,130,154,130,151,128,149,130,149,131,149,132,147,131,144,131,142,132,139,133,137,133,135,134,133,136,134,136,136,138,136,140,135,141,137,142,136,144,135,146,137,146,140,149,142,150,142,154,143,154,146,156,147,158,146,159,145,162,145,161,142,162,140,166,140,168,137,169,138,171,138,175,138,175,138,177,138,177,140,177,145,177,147,178,150,181,149,183,149,185,148,188,147,189,148,191,149,194,151,196,152,199,153,201,154,203,154,205,152,207,155,207,156,208,158,210,159,209,163,208,164,206,165,206,166,209,168,210,171,211,173,213,173,214,170,215,168,217,169,220,171,221,171,224,169,226,169,229,171,233,172,236,170,238,169,240,169,242,172,242,174,241,175,241,177,244,178,249,182,250,183,252,185,253,186'),
(26, 'Башмаковский район', '/organisations?municipal_district=4', '50,181,50,184,49,185,50,188,52,190,52,191,51,194,54,196,57,198,59,200,61,202,62,205,64,206,66,210,68,212,71,215,71,215,71,217,69,217,67,217,64,217,63,217,62,219,63,222,65,225,66,228,68,229,70,229,73,228,74,228,75,228,78,228,80,229,83,234,86,240,90,245,91,248,94,250,97,256,100,259,103,263,105,263,108,264,109,261,109,259,109,258,110,254,111,252,115,251,117,251,119,252,120,255,121,255,123,253,124,252,124,250,124,248,121,246,123,244,125,242,125,242,129,245,131,246,132,245,132,244,132,242,132,242,131,239,133,238,136,237,137,237,139,238,140,239,141,241,144,240,146,238,149,236,149,236,149,233,147,232,148,230,149,230,148,227,147,225,148,225,150,224,152,223,154,223,154,219,154,216,155,216,157,215,159,213,160,211,160,210,160,208,160,206,160,204,160,202,159,200,159,199,157,198,157,195,157,193,157,193,156,192,153,187,153,185,152,181,152,176,151,171,150,171,148,169,144,169,140,168,142,166,141,164,137,162,135,160,133,159,130,157,130,155,130,153,130,151,128,150,129,149,132,148,132,147,131,146,131,144,131,143,132,139,132,138,129,136,127,136,125,136,122,136,119,136,121,139,121,140,120,142,118,144,118,144,117,148,117,151,120,153,120,156,118,155,115,155,113,157,112,160,110,161,109,162,106,164,105,167,103,167,101,167,99,166,98,165,96,163,95,163,93,165,92,165,92,164,90,161,87,161,84,163,83,163,79,163,78,162,76,160,75,160,73,162,72,165,70,167,67,170,66,172,63,173,63,171,62,170,60,170,56,170,56,169,55,167,54,170,52,172,50,173,50,175,48,177,49,178,51,179,50,181'),
(27, 'Наровчатский район', '/organisations?municipal_district=20', '203,28,205,26,206,23,208,22,211,20,215,20,217,21,220,23,223,27,226,29,230,30,231,30,232,32,234,33,236,33,237,32,242,32,244,31,246,32,248,32,250,36,251,37,253,38,254,38,259,40,259,43,260,46,264,48,267,50,270,54,270,58,270,60,268,62,266,63,267,66,266,67,262,69,261,71,262,71,265,71,267,72,267,73,268,74,269,75,269,76,271,78,272,78,273,81,274,84,274,86,273,89,272,90,271,91,268,92,268,94,268,95,266,98,265,100,263,100,261,99,258,101,256,103,252,104,250,104,250,102,249,100,248,100,246,100,243,100,240,100,239,99,238,97,236,96,235,96,232,96,228,95,226,95,225,93,222,91,220,89,216,87,213,86,209,86,207,86,207,84,206,80,205,78,205,76,204,74,203,72,202,69,203,66,205,65,207,62,207,62,205,62,203,61,202,61,201,58,202,57,202,56,203,55,203,55,201,54,200,53,199,52,199,50,198,48,199,46,200,46,201,45,201,42,201,41,199,39,199,36,198,34,198,33,197,31,197,29,196,27,197,25,200,26,203,28'),
(28, 'Спасский район', '/organisations?municipal_district=28', '148,65,149,62,150,60,148,58,147,58,145,57,145,55,147,53,151,52,153,52,155,56,155,58,158,61,159,63,161,63,163,62,164,58,164,55,162,53,161,50,161,48,159,47,155,45,155,43,154,40,154,39,154,37,156,35,157,34,157,33,157,31,157,29,157,28,158,26,160,26,162,28,162,26,163,23,166,22,168,23,170,23,173,23,176,22,178,21,179,20,177,18,179,17,180,16,184,15,185,17,186,18,189,21,191,22,193,22,195,22,196,24,197,27,197,30,198,34,199,38,200,40,201,43,202,45,201,46,199,47,199,48,199,52,200,53,202,54,202,55,201,58,202,60,204,61,205,63,205,67,203,68,203,72,205,76,205,79,206,81,207,84,210,87,214,86,217,88,220,89,222,91,222,92,221,94,221,95,219,96,216,97,216,98,212,99,210,99,208,99,208,96,207,94,203,94,202,95,200,94,198,93,197,91,196,91,195,93,195,93,193,92,193,91,192,91,190,92,189,93,188,93,186,92,186,92,184,91,182,91,179,94,178,95,178,97,177,98,176,98,175,99,174,97,171,96,169,93,169,91,168,90,166,90,165,91,164,90,164,88,163,87,163,87,161,85,159,84,158,82,157,80,156,78,154,78,152,77,150,76,150,72,151,68,148,65'),
(29, 'Вадинский район', '/organisations?municipal_district=8', '100,80,102,76,102,74,100,71,102,68,102,66,102,63,107,63,109,64,109,67,111,67,112,66,115,66,117,66,121,66,125,65,128,67,131,67,134,65,134,63,136,62,138,62,141,61,142,62,144,64,145,65,147,66,150,66,151,68,150,72,150,76,152,77,154,78,155,79,158,83,160,85,163,87,165,90,167,91,169,94,172,96,173,98,175,99,177,97,178,96,178,94,180,93,182,91,183,91,185,92,185,91,187,91,187,92,187,94,187,96,186,98,182,100,182,102,180,103,181,106,183,110,183,115,183,118,183,120,185,122,186,119,188,118,189,119,189,123,188,125,184,130,181,132,178,136,176,138,172,137,168,138,167,140,163,140,162,142,160,142,162,144,163,145,162,146,158,146,157,147,155,146,154,145,153,142,150,142,149,142,146,139,145,137,143,135,141,137,141,137,140,136,139,134,138,135,137,137,135,135,134,133,133,134,133,136,135,138,132,138,131,137,130,135,129,136,129,138,128,137,125,136,122,135,121,136,119,136,118,135,119,133,119,131,116,123,114,118,112,115,111,113,110,113,106,111,105,108,104,106,107,103,108,103,107,102,106,102,105,102,103,97,104,94,103,91,102,89,102,85,101,82,100,80'),
(30, 'Земетченский район', '/organisations?municipal_district=10', '49,176,44,179,38,174,34,171,31,167,29,167,27,170,25,171,24,168,25,165,26,161,29,158,33,154,35,154,38,154,38,153,34,149,32,147,29,145,28,143,26,140,23,140,20,138,15,136,13,135,14,133,16,130,17,128,14,127,12,128,10,130,9,131,8,130,8,128,10,126,11,122,11,120,10,118,10,113,11,107,11,105,11,102,12,101,13,98,12,96,11,95,9,93,12,91,13,89,13,87,12,86,10,85,8,86,7,86,6,86,7,84,7,82,7,79,8,74,10,72,12,72,15,73,16,71,16,69,17,67,16,65,15,64,14,62,15,60,16,59,19,59,22,60,23,60,25,60,26,59,26,57,28,55,31,56,35,56,36,56,39,55,42,54,45,54,45,55,46,56,45,58,43,60,41,62,42,64,42,66,45,68,48,67,49,67,51,65,52,66,53,69,53,70,53,71,53,73,52,73,53,75,56,75,58,74,59,73,60,73,62,74,63,75,63,77,64,80,65,81,68,82,71,82,74,81,72,79,70,77,69,76,69,75,67,74,65,74,65,72,66,69,67,66,68,64,69,63,73,61,75,59,76,58,79,58,78,62,77,64,76,66,76,68,72,70,72,73,73,76,75,77,75,77,77,76,78,73,81,69,84,66,85,63,87,62,89,64,91,66,93,64,97,63,99,64,98,66,97,69,97,72,96,74,95,76,95,77,97,80,101,79,103,86,103,90,103,93,104,99,105,101,106,101,107,102,106,104,105,106,104,108,106,110,107,112,109,114,112,114,113,116,114,119,115,123,116,125,117,128,118,130,118,132,119,136,121,138,121,140,119,142,118,143,117,146,117,149,119,151,120,153,119,155,117,155,115,154,114,154,113,156,112,158,110,160,108,161,107,162,105,164,103,166,101,166,100,165,97,163,96,162,95,162,94,162,93,164,91,161,89,160,89,160,88,159,86,160,83,162,81,163,78,161,77,160,76,159,75,159,73,162,72,163,69,166,67,169,66,170,65,172,63,171,63,170,63,169,61,169,59,169,56,168,56,165,54,168,52,171,51,173,49,176'),
(31, 'Кузнецк', '/organisations?municipal_district=3', '656,210,650,210,645,214,639,218,636,222,635,225,635,230,635,234,634,236,634,238,634,240,635,242,636,244,637,245,641,247,644,247,645,248,647,248,648,250,650,250,653,251,657,251,660,251,665,251,667,251,670,249,672,248,673,244,675,242,677,238,678,237,681,233,683,230,685,227,686,223,683,221,683,219,683,215,683,213,678,210,673,207,669,206,666,204,661,205,658,207,655,209,653,210');

-- --------------------------------------------------------

--
-- Структура таблицы `registry`
--

CREATE TABLE IF NOT EXISTS `registry` (
  `id` int(11) NOT NULL AUTO_INCREMENT,
  `breadth` double NOT NULL,
  `longitude` double NOT NULL,
  `logo` text NOT NULL,
  `title` text NOT NULL,
  `address` text NOT NULL,
  `id_template` int(11) NOT NULL,
  `phoneNumber` text NOT NULL,
  `e_mail` text NOT NULL,
  `fax` text NOT NULL,
  `President` text NOT NULL,
  `site` text NOT NULL,
  `area` int(11) NOT NULL,
  `man` text NOT NULL,
  PRIMARY KEY (`id`)
) ENGINE=InnoDB  DEFAULT CHARSET=utf8 AUTO_INCREMENT=5 ;

--
-- Дамп данных таблицы `registry`
--

INSERT INTO `registry` (`id`, `breadth`, `longitude`, `logo`, `title`, `address`, `id_template`, `phoneNumber`, `e_mail`, `fax`, `President`, `site`, `area`, `man`) VALUES
(1, 53.198419, 45.003341, 'romashka', 'Ромашка', 'г. Пенза, ул. Пушкина, 23', 1, '45-56-54', 'ts@yandex.ru', '45-45-99', 'Акимов Валерий Иванович ', 'association.tsz/romashka58', 1, 'поп'),
(2, 53.200463, 45.014264, 'romashka', 'Ромашка', 'г. Пенза, ул. Суворова, 71', 1, '45-88-88', 'mail.ru', '46-98-77', 'Иванов Иван Иванович', 'association.tsz/romashka_258', 2, 'лот'),
(3, 53.198484, 45.014121, 'romashka', 'Виктория', 'г. Пенза, ул. Гладкова, 11', 1, '45-88-88', 'tsz@yandex.ru', '45-88-20', 'Иванов Иван Иванович', 'assocciation.tsz/romashka58', 3, 'гот'),
(4, 53.198419, 44.99796, 'romashka', 'Аврора', 'г. Пенза, ул. Кулакова, 4', 1, '45-56-54', 'tsz@yandex.ru', '45-45-99', 'Акимов Валерий Иванович', 'association.tsz/romashka582', 4, 'сот');

-- --------------------------------------------------------

--
-- Структура таблицы `request`
--

CREATE TABLE IF NOT EXISTS `request` (
  `id` int(11) DEFAULT NULL,
  `text` text NOT NULL,
  `performed` int(1) NOT NULL,
  `id_register_home` int(11) NOT NULL
) ENGINE=InnoDB DEFAULT CHARSET=utf8;

--
-- Дамп данных таблицы `request`
--

INSERT INTO `request` (`id`, `text`, `performed`, `id_register_home`) VALUES
(1, 'Сломана дверь', 0, 1),
(2, 'Выбито окно', 0, 1);

-- --------------------------------------------------------

--
-- Структура таблицы `site`
--

CREATE TABLE IF NOT EXISTS `site` (
  `id` int(10) NOT NULL AUTO_INCREMENT,
  `title` varchar(256) DEFAULT NULL,
  `descr` varchar(1024) DEFAULT NULL,
  `keywords` varchar(1024) DEFAULT NULL,
  `tel` varchar(256) DEFAULT NULL,
  `addres` varchar(1024) DEFAULT NULL,
  PRIMARY KEY (`id`)
) ENGINE=InnoDB  DEFAULT CHARSET=utf8 AUTO_INCREMENT=2 ;

--
-- Дамп данных таблицы `site`
--

INSERT INTO `site` (`id`, `title`, `descr`, `keywords`, `tel`, `addres`) VALUES
(1, '', 'ОАО "Оператор электронного правительства"', 'ОАО "Оператор электронного правительства"', '8 (8412) 23-11-28', 'г. Пенза, ул. Дружбы, 6');

-- --------------------------------------------------------

--
-- Структура таблицы `slideshow`
--

CREATE TABLE IF NOT EXISTS `slideshow` (
  `id` int(10) NOT NULL AUTO_INCREMENT,
  `image_path` varchar(255) NOT NULL DEFAULT '0',
  `description` varchar(255) NOT NULL DEFAULT '0',
  PRIMARY KEY (`id`)
) ENGINE=MyISAM  DEFAULT CHARSET=utf8 COMMENT='Изображения для слайдшоу' AUTO_INCREMENT=4 ;

--
-- Дамп данных таблицы `slideshow`
--

INSERT INTO `slideshow` (`id`, `image_path`, `description`) VALUES
(1, '/templates/newdesign/images/sample-1.jpg', 'Лермонтово'),
(2, '/templates/newdesign/images/sample-2.jpg', 'Набережная'),
(3, '/templates/newdesign/images/sample-3.jpg', 'Панорама города');

-- --------------------------------------------------------

--
-- Структура таблицы `templates`
--

CREATE TABLE IF NOT EXISTS `templates` (
  `id` int(10) unsigned NOT NULL AUTO_INCREMENT,
  `name` varchar(255) NOT NULL,
  `description` varchar(255) NOT NULL,
  `is_deleted` tinyint(1) NOT NULL DEFAULT '0',
  `domain_id` int(10) unsigned NOT NULL DEFAULT '0',
  `lang` varchar(45) NOT NULL DEFAULT '',
  `is_admin` tinyint(1) NOT NULL DEFAULT '0',
  `style` varchar(20) NOT NULL,
  `type` varchar(5) NOT NULL,
  PRIMARY KEY (`id`),
  KEY `DOMAINID` (`domain_id`)
) ENGINE=InnoDB  DEFAULT CHARSET=utf8 AUTO_INCREMENT=5 ;

--
-- Дамп данных таблицы `templates`
--

INSERT INTO `templates` (`id`, `name`, `description`, `is_deleted`, `domain_id`, `lang`, `is_admin`, `style`, `type`) VALUES
(1, 'light', 'Begin', 0, 1, 'ru', 0, 'light', 'index'),
(2, 'light', 'Admin', 0, 1, 'ru', 1, 'light', 'index'),
(3, 'default_index', 'Begin', 0, 1, 'ru', 0, 'default', 'index'),
(4, 'default_pages', 'Begin', 0, 1, 'ru', 0, 'default', 'pages');

--
-- Ограничения внешнего ключа сохраненных таблиц
--

--
-- Ограничения внешнего ключа таблицы `menu`
--
ALTER TABLE `menu`
  ADD CONSTRAINT `FK_LOCATION` FOREIGN KEY (`id_location`) REFERENCES `module_location` (`id`) ON DELETE CASCADE ON UPDATE CASCADE;

--
-- Ограничения внешнего ключа таблицы `module_location`
--
ALTER TABLE `module_location`
  ADD CONSTRAINT `FK_LOCATIONTYPE` FOREIGN KEY (`id_locationType`) REFERENCES `locationtype` (`id`) ON DELETE CASCADE ON UPDATE CASCADE,
  ADD CONSTRAINT `FK_MODULE` FOREIGN KEY (`id_module`) REFERENCES `modules` (`id`) ON DELETE CASCADE ON UPDATE CASCADE,
  ADD CONSTRAINT `FK_TEMPLATE` FOREIGN KEY (`id_template`) REFERENCES `templates` (`id`) ON DELETE CASCADE ON UPDATE CASCADE;

--
-- Ограничения внешнего ключа таблицы `templates`
--
ALTER TABLE `templates`
  ADD CONSTRAINT `FK_DOMAIN` FOREIGN KEY (`domain_id`) REFERENCES `domens` (`id`) ON DELETE CASCADE ON UPDATE CASCADE;

/*!40101 SET CHARACTER_SET_CLIENT=@OLD_CHARACTER_SET_CLIENT */;
/*!40101 SET CHARACTER_SET_RESULTS=@OLD_CHARACTER_SET_RESULTS */;
/*!40101 SET COLLATION_CONNECTION=@OLD_COLLATION_CONNECTION */;
